-- phpMyAdmin SQL Dump
-- version 4.7.4
-- https://www.phpmyadmin.net/
--
-- Hôte : 127.0.0.1:3306
-- Généré le :  jeu. 29 août 2019 à 09:07
-- Version du serveur :  5.7.19
-- Version de PHP :  5.6.31

SET SQL_MODE = "NO_AUTO_VALUE_ON_ZERO";
SET AUTOCOMMIT = 0;
START TRANSACTION;
SET time_zone = "+00:00";


/*!40101 SET @OLD_CHARACTER_SET_CLIENT=@@CHARACTER_SET_CLIENT */;
/*!40101 SET @OLD_CHARACTER_SET_RESULTS=@@CHARACTER_SET_RESULTS */;
/*!40101 SET @OLD_COLLATION_CONNECTION=@@COLLATION_CONNECTION */;
/*!40101 SET NAMES utf8mb4 */;

--
-- Base de données :  `pokemons`
--

-- --------------------------------------------------------

--
-- Structure de la table `moves`
--

DROP TABLE IF EXISTS `moves`;
CREATE TABLE IF NOT EXISTS `moves` (
  `id` int(11) NOT NULL AUTO_INCREMENT,
  `name` varchar(50) NOT NULL,
  `type` varchar(50) NOT NULL,
  `power` int(3) DEFAULT NULL,
  `accuracy` int(3) DEFAULT NULL,
  `pp` int(2) DEFAULT NULL,
  PRIMARY KEY (`id`)
) ENGINE=MyISAM AUTO_INCREMENT=166 DEFAULT CHARSET=latin1;

--
-- Déchargement des données de la table `moves`
--

INSERT INTO `moves` (`id`, `name`, `type`, `power`, `accuracy`, `pp`) VALUES
(1, 'Riposte', 'fight', 0, 100, 20),
(2, 'Frappe Atlas', 'fight', 0, 100, 20),
(3, 'Double Pied', 'fight', 30, 100, 30),
(4, 'Balayage', 'fight', 50, 100, 20),
(5, 'Mawashi Geri', 'fight', 60, 85, 15),
(6, 'Pied Sauté', 'fight', 70, 95, 25),
(7, 'Sacrifice', 'fight', 80, 80, 25),
(8, 'Pied Voltige', 'fight', 85, 90, 20),
(9, 'Draco-Rage', 'dragon', NULL, 100, 10),
(10, 'Repli', 'water', NULL, 100, 40),
(11, 'Écume', 'water', 20, 100, 30),
(12, 'Claquoir', 'water', 35, 75, 10),
(13, 'Pistolet à O', 'water', 40, 100, 25),
(14, 'Bulles d\'O', 'water', 65, 100, 20),
(15, 'Cascade', 'water', 80, 100, 15),
(16, 'Pince-Masse', 'water', 90, 85, 10),
(17, 'Surf', 'water', 95, 100, 15),
(18, 'Hydrocanon', 'water', 120, 80, 5),
(19, 'Cage-Éclair', 'electric', NULL, 100, 20),
(20, 'Éclair', 'electric', 40, 100, 30),
(21, 'Poing-Éclair', 'electric', 75, 100, 15),
(22, 'Tonnerre', 'electric', 95, 100, 15),
(23, 'Fatal-Foudre', 'electric', 120, 70, 5),
(24, 'DanseFlamme', 'fire', 15, 70, 15),
(25, 'Flammèche', 'fire', 40, 100, 25),
(26, 'Poing de Feu', 'fire', 75, 100, 15),
(27, 'Lance-Flamme', 'fire', 95, 100, 15),
(28, 'Déflagration', 'fire', 120, 85, 5),
(29, 'Brume', 'ice', NULL, NULL, 30),
(30, 'Buée Noire', 'ice', NULL, NULL, 30),
(31, 'Onde Boréale', 'ice', 65, 100, 20),
(32, 'Poing-Glace', 'ice', 75, 100, 15),
(33, 'Laser Glace', 'ice', 95, 100, 10),
(34, 'Blizzard', 'ice', 120, 90, 5),
(35, 'Sécrétion', 'bug', NULL, 95, 40),
(36, 'Dard Nuée', 'bug', 14, 85, 20),
(37, 'Vampirisme', 'bug', 20, 100, 15),
(38, 'Double-Dard', 'bug', 25, 100, 20),
(39, 'Adaptation', 'normal', NULL, NULL, 30),
(40, 'Affûtage', 'normal', NULL, NULL, 30),
(41, 'Armure', 'normal', NULL, NULL, 30),
(42, 'Berceuse', 'normal', NULL, 55, 15),
(43, 'Boul\'Armure', 'normal', NULL, NULL, 40),
(44, 'Brouillard', 'normal', NULL, 100, 20),
(45, 'Clonage', 'normal', NULL, NULL, 10),
(46, 'Copie', 'normal', NULL, NULL, 10),
(47, 'Croissance', 'normal', NULL, NULL, 40),
(48, 'Cyclone', 'normal', NULL, 100, 20),
(49, 'Danse-Lames', 'normal', NULL, NULL, 30),
(50, 'E-Coque', 'normal', NULL, NULL, 10),
(51, 'Entrave', 'normal', NULL, 55, 20),
(52, 'Flash', 'normal', NULL, 70, 20),
(53, 'Grincement', 'normal', NULL, 85, 40),
(54, 'Grobisou', 'normal', NULL, 75, 10),
(55, 'Groz\'Yeux', 'normal', NULL, 100, 30),
(56, 'Hurlement', 'normal', NULL, 100, 20),
(57, 'Intimidation', 'normal', NULL, 75, 30),
(58, 'Jet de Sable', 'normal', NULL, 100, 15),
(59, 'Lilliput', 'normal', NULL, NULL, 20),
(60, 'Métronome', 'normal', NULL, NULL, 10),
(61, 'Mimi-Queue', 'normal', NULL, 100, 30),
(62, 'Morphing', 'normal', NULL, NULL, 10),
(63, 'Puissance', 'normal', NULL, NULL, 30),
(64, 'Reflet', 'normal', NULL, NULL, 15),
(65, 'Rugissement', 'normal', NULL, NULL, 40),
(66, 'Soin', 'normal', NULL, NULL, 20),
(67, 'Trempette', 'normal', NULL, NULL, 40),
(68, 'Ultrason', 'normal', NULL, 55, 20),
(69, 'Croc Fatal', 'normal', NULL, 90, 10),
(70, 'Patience', 'normal', NULL, NULL, 10),
(71, 'Sonicboom', 'normal', NULL, 90, 20),
(72, 'Empal\'Korne', 'normal', NULL, 30, 5),
(73, 'Guillotine', 'normal', NULL, 30, 5),
(74, 'Constriction', 'normal', 10, 100, 35),
(75, 'Étreinte', 'normal', 15, 85, 20),
(76, 'Furie', 'normal', 15, 85, 20),
(77, 'Ligotage', 'normal', 15, 90, 20),
(78, 'Pilonnage', 'normal', 15, 85, 20),
(79, 'Torgnoles', 'normal', 15, 85, 10),
(80, 'Combo-Griffe', 'normal', 18, 80, 15),
(81, 'Poing Comète', 'normal', 18, 85, 15),
(82, 'Frénésie', 'normal', 20, 100, 20),
(83, 'Picanon', 'normal', 20, 100, 15),
(84, 'Charge', 'normal', 35, 95, 35),
(85, 'Tornade', 'normal', 35, 100, 40),
(86, 'Écras\'Face', 'normal', 40, 100, 35),
(87, 'Griffe', 'normal', 40, 100, 35),
(88, 'Jackpot', 'normal', 40, 100, 20),
(89, 'Vive-Attaque', 'normal', 40, 100, 30),
(90, 'Coupe', 'normal', 50, 95, 30),
(91, 'Poing Karaté', 'normal', 50, 100, 25),
(92, 'Lutte', 'normal', 50, 100, NULL),
(93, 'Force Poigne', 'normal', 55, 100, 30),
(94, 'Météores', 'normal', 60, NULL, 20),
(95, 'Morsure', 'normal', 60, 100, 25),
(96, 'Écrasement', 'normal', 65, 100, 20),
(97, 'Koud\'Korne', 'normal', 65, 100, 25),
(98, 'Coud\'Boule', 'normal', 70, 100, 15),
(99, 'Tranche', 'normal', 70, 100, 20),
(100, 'Uppercut', 'normal', 70, 100, 10),
(101, 'Coupe-Vent', 'normal', 80, 100, 10),
(102, 'Croc de Mort', 'normal', 80, 90, 15),
(103, 'Force', 'normal', 80, 100, 15),
(104, 'Souplesse', 'normal', 80, 75, 20),
(105, 'Triplattaque', 'normal', 80, 100, 10),
(106, 'Ultimapoing', 'normal', 80, 85, 20),
(107, 'Plaquage', 'normal', 85, 100, 15),
(108, 'Bélier', 'normal', 90, 85, 20),
(109, 'Mania', 'normal', 90, 100, 20),
(110, 'Bomb\'Œuf', 'normal', 100, 75, 16),
(111, 'Coud\'Krâne', 'normal', 100, 100, 15),
(112, 'Damoclès', 'normal', 100, 100, 15),
(113, 'Ultimawashi', 'normal', 120, 75, 5),
(114, 'Destruction', 'normal', 130, 100, 5),
(115, 'Ultralaser', 'normal', 150, 90, 5),
(116, 'Explosion', 'normal', 170, 100, 5),
(117, 'Para-Spore', 'grass', NULL, NULL, 30),
(118, 'Poudre Dodo', 'grass', NULL, 75, 15),
(119, 'Spore', 'grass', NULL, 100, 15),
(120, 'Vampigraine', 'grass', NULL, 90, 10),
(121, 'Vol-Vie', 'grass', 20, 100, 20),
(122, 'Fouet Lianes', 'grass', 35, 100, 10),
(123, 'Méga-Sangsue', 'grass', 40, 100, 10),
(124, 'Tranch\'Herbe', 'grass', 55, 95, 25),
(125, 'Danse-Fleur', 'grass', 70, 100, 20),
(126, 'Lance-Soleil', 'grass', 120, 100, 10),
(127, 'Acidarmure', 'poison', NULL, NULL, 40),
(128, 'Gaz Toxik', 'poison', NULL, 55, 40),
(129, 'Poudre Toxik', 'poison', NULL, 75, 35),
(130, 'Toxik', 'poison', NULL, 85, 10),
(131, 'Dard-Venin', 'poison', 15, 100, 35),
(132, 'Purédpois', 'poison', 20, 70, 20),
(133, 'Acide', 'poison', 40, 100, 30),
(134, 'Détritus', 'poison', 65, 100, 20),
(135, 'Amnésie', 'psychic', NULL, NULL, 20),
(136, 'Bouclier', 'psychic', NULL, NULL, 30),
(137, 'Hâte', 'psychic', NULL, NULL, 30),
(138, 'Hypnose', 'psychic', NULL, 60, 20),
(139, 'Mur Lumière', 'psychic', NULL, NULL, 30),
(140, 'Protection', 'psychic', NULL, NULL, 20),
(141, 'Repos', 'psychic', NULL, NULL, 10),
(142, 'Télékinésie', 'psychic', NULL, 80, 15),
(143, 'Téléport', 'psychic', NULL, NULL, 20),
(144, 'Yoga', 'psychic', NULL, NULL, 40),
(145, 'Vague Psy', 'psychic', NULL, 80, 15),
(146, 'Choc Mental', 'psychic', 50, 100, 25),
(147, 'Rafale Psy', 'psychic', 65, 100, 20),
(148, 'Psyko', 'psychic', 90, 100, 10),
(149, 'Dévorêve', 'psychic', 100, 100, 15),
(150, 'Jet-Pierres', 'rock', 50, 65, 15),
(151, 'Éboulement', 'rock', 75, 90, 10),
(152, 'Abîme', 'ground', NULL, 30, 5),
(153, 'Osmerang', 'ground', 50, 90, 10),
(154, 'Massd\'Os', 'ground', 65, 85, 10),
(155, 'Séisme', 'ground', 100, 100, 10),
(156, 'Tunnel', 'ground', 100, 100, 10),
(157, 'Onde Folie', 'ghost', NULL, 100, 10),
(158, 'Ténèbres', 'ghost', NULL, 100, 15),
(159, 'Léchouille', 'ghost', 20, 100, 30),
(160, 'Mimique', 'flying', NULL, NULL, 20),
(161, 'Cru-Aile', 'flying', 35, 100, 35),
(162, 'Picpic', 'flying', 35, 100, 35),
(163, 'Vol', 'flying', 70, 100, 15),
(164, 'Bec Vrille', 'flying', 80, 100, 20),
(165, 'Piqué', 'flying', 140, 90, 5);

-- --------------------------------------------------------

--
-- Structure de la table `pokemons`
--

DROP TABLE IF EXISTS `pokemons`;
CREATE TABLE IF NOT EXISTS `pokemons` (
  `id` int(11) NOT NULL AUTO_INCREMENT,
  `name` varchar(100) NOT NULL,
  `hp` int(3) NOT NULL,
  `attack` int(3) NOT NULL,
  `attackSpe` int(3) NOT NULL,
  `defense` int(3) NOT NULL,
  `defenseSpe` int(3) NOT NULL,
  `speed` int(3) NOT NULL,
  `type1` varchar(50) NOT NULL,
  `type2` varchar(50) DEFAULT NULL,
  PRIMARY KEY (`id`)
) ENGINE=MyISAM AUTO_INCREMENT=152 DEFAULT CHARSET=latin1;

--
-- Déchargement des données de la table `pokemons`
--

INSERT INTO `pokemons` (`id`, `name`, `hp`, `attack`, `attackSpe`, `defense`, `defenseSpe`, `speed`, `type1`, `type2`) VALUES
(1, 'Bulbizarre', 45, 49, 49, 65, 65, 45, 'grass', 'poison'),
(2, 'Herbizarre', 60, 62, 63, 80, 80, 60, 'grass', 'poison'),
(3, 'Florizarre', 80, 82, 83, 100, 100, 80, 'grass', 'poison'),
(4, 'Salamèche', 39, 52, 43, 60, 50, 65, 'fire', NULL),
(5, 'Reptincel', 58, 64, 58, 80, 65, 80, 'fire', NULL),
(6, 'Dracaufeu', 78, 84, 78, 109, 85, 100, 'fire', 'flying'),
(7, 'Carapuce', 44, 48, 65, 50, 64, 43, 'water', NULL),
(8, 'Carabaffe', 59, 63, 80, 65, 80, 58, 'water', NULL),
(9, 'Tortank', 79, 83, 100, 85, 105, 78, 'water', NULL),
(10, 'Chenipan', 45, 30, 35, 20, 20, 45, 'bug', NULL),
(11, 'Chrysacier', 50, 20, 55, 25, 25, 30, 'bug', NULL),
(12, 'Papilusion', 60, 45, 50, 90, 80, 70, 'bug', 'flying'),
(13, 'Aspicot', 40, 35, 30, 20, 20, 50, 'bug', 'poison'),
(14, 'Coconfort', 45, 25, 50, 25, 25, 35, 'bug', 'poison'),
(15, 'Dardargnan', 65, 90, 40, 45, 80, 75, 'bug', 'poison'),
(16, 'Roucool', 40, 45, 40, 35, 35, 56, 'normal', 'flying'),
(17, 'Roucoups', 63, 60, 55, 50, 50, 71, 'normal', 'flying'),
(18, 'Roucarnage', 83, 80, 75, 70, 70, 101, 'normal', 'flying'),
(19, 'Rattata', 30, 56, 35, 25, 35, 72, 'normal', NULL),
(20, 'Rattatac', 55, 81, 60, 50, 70, 97, 'normal', NULL),
(21, 'Piafabec', 40, 60, 30, 31, 31, 70, 'normal', 'flying'),
(22, 'Rapasdepic', 65, 90, 65, 61, 61, 100, 'normal', 'flying'),
(23, 'Abo', 35, 60, 44, 40, 54, 55, 'poison', NULL),
(24, 'Arbok', 60, 95, 69, 65, 79, 80, 'poison', NULL),
(25, 'Pikachu', 35, 55, 40, 50, 50, 90, 'electric', NULL),
(26, 'Raichu', 60, 90, 55, 90, 80, 110, 'electric', NULL),
(27, 'Sabelette', 50, 75, 85, 20, 30, 40, 'ground', NULL),
(28, 'Sablaireau', 75, 100, 110, 45, 55, 65, 'ground', NULL),
(29, 'Nidoran?', 55, 47, 52, 40, 40, 41, 'poison', NULL),
(30, 'Nidorina', 70, 62, 67, 55, 55, 56, 'poison', NULL),
(31, 'Nidoqueen', 90, 92, 87, 75, 85, 76, 'poison', 'ground'),
(32, 'Nidoran?', 46, 57, 40, 40, 40, 50, 'poison', NULL),
(33, 'Nidorino', 61, 72, 57, 55, 55, 65, 'poison', NULL),
(34, 'Nidoking', 81, 102, 77, 85, 75, 85, 'poison', 'ground'),
(35, 'Mélofée', 70, 45, 48, 60, 65, 35, 'normal', NULL),
(36, 'Mélodelfe', 95, 70, 73, 95, 90, 60, 'normal', NULL),
(37, 'Goupix', 38, 41, 40, 50, 65, 65, 'fire', NULL),
(38, 'Feunard', 73, 76, 75, 81, 100, 100, 'fire', NULL),
(39, 'Rondoudou', 115, 45, 20, 45, 25, 20, 'normal', NULL),
(40, 'Grodoudou', 140, 70, 45, 85, 50, 45, 'normal', NULL),
(41, 'Nosferapti', 40, 45, 35, 30, 40, 55, 'poison', 'flying'),
(42, 'Nosferalto', 75, 80, 70, 65, 75, 90, 'poison', 'flying'),
(43, 'Mystherbe', 45, 50, 55, 75, 65, 30, 'grass', 'poison'),
(44, 'Ortide', 60, 65, 70, 85, 75, 40, 'grass', 'poison'),
(45, 'Rafflesia', 75, 80, 85, 110, 90, 50, 'grass', 'poison'),
(46, 'Paras', 35, 70, 55, 45, 55, 25, 'bug', 'grass'),
(47, 'Parasect', 60, 95, 80, 60, 80, 30, 'bug', 'grass'),
(48, 'Mimitoss', 60, 55, 50, 40, 55, 45, 'bug', 'poison'),
(49, 'Aéromite', 70, 65, 60, 90, 75, 90, 'bug', 'poison'),
(50, 'Taupiqueur', 10, 55, 25, 35, 45, 95, 'ground', NULL),
(51, 'Triopikeur', 35, 100, 50, 50, 70, 120, 'ground', NULL),
(52, 'Miaouss', 40, 45, 35, 40, 40, 90, 'normal', NULL),
(53, 'Persian', 65, 70, 60, 65, 65, 115, 'normal', NULL),
(54, 'Psykokwak', 50, 52, 48, 65, 50, 55, 'water', NULL),
(55, 'Akwakwak', 80, 82, 78, 95, 80, 85, 'water', NULL),
(56, 'Férosinge', 40, 80, 35, 35, 45, 70, 'fighting', NULL),
(57, 'Colossinge', 65, 105, 60, 60, 70, 95, 'fighting', NULL),
(58, 'Caninos', 55, 70, 45, 70, 50, 60, 'fire', NULL),
(59, 'Arcanin', 90, 110, 80, 100, 80, 95, 'fire', NULL),
(60, 'Ptitard', 40, 50, 40, 40, 40, 90, 'water', NULL),
(61, 'Têtarte', 65, 65, 65, 50, 50, 90, 'water', NULL),
(62, 'Tartard', 90, 95, 95, 70, 90, 70, 'water', 'fight'),
(63, 'Abra', 25, 20, 15, 105, 55, 90, 'psychic', NULL),
(64, 'Kadabra', 40, 35, 30, 120, 70, 105, 'psychic', NULL),
(65, 'Alakazam', 55, 50, 45, 135, 95, 120, 'psychic', NULL),
(66, 'Machoc', 70, 80, 50, 35, 35, 35, 'fighting', NULL),
(67, 'Machopeur', 80, 100, 70, 50, 60, 45, 'fighting', NULL),
(68, 'Mackogneur', 90, 130, 80, 65, 85, 55, 'fighting', NULL),
(69, 'Chétiflor', 50, 75, 35, 70, 30, 40, 'grass', 'poison'),
(70, 'Boustiflor', 65, 90, 50, 85, 45, 55, 'grass', 'poison'),
(71, 'Empiflor', 80, 105, 65, 100, 70, 70, 'grass', 'poison'),
(72, 'Tentacool', 40, 40, 35, 50, 100, 70, 'water', 'poison'),
(73, 'Tentacruel', 80, 70, 65, 80, 120, 100, 'water', 'poison'),
(74, 'Racaillou', 40, 80, 100, 30, 30, 20, 'rock', 'ground'),
(75, 'Gravalanch', 55, 95, 115, 45, 45, 35, 'rock', 'ground'),
(76, 'Grolem', 80, 120, 130, 55, 65, 45, 'rock', 'ground'),
(77, 'Ponyta', 50, 85, 55, 65, 65, 90, 'fire', NULL),
(78, 'Galopa', 65, 100, 70, 80, 80, 105, 'fire', NULL),
(79, 'Ramoloss', 90, 65, 65, 40, 40, 15, 'water', 'psychic'),
(80, 'Flagadoss', 95, 75, 110, 100, 80, 30, 'water', 'psychic'),
(81, 'Magnéti', 25, 35, 70, 95, 55, 45, 'electric', NULL),
(82, 'Magnéton', 50, 60, 95, 120, 70, 70, 'electric', NULL),
(83, 'Canarticho', 52, 90, 55, 58, 62, 60, 'normal', 'flying'),
(84, 'Doduo', 35, 85, 45, 35, 35, 75, 'normal', 'flying'),
(85, 'Dodrio', 60, 110, 70, 60, 60, 110, 'normal', 'flying'),
(86, 'Otaria', 65, 45, 55, 45, 70, 45, 'water', NULL),
(87, 'Lamantine', 90, 70, 80, 70, 95, 70, 'water', 'ice'),
(88, 'Tadmorv', 80, 80, 50, 40, 50, 25, 'poison', NULL),
(89, 'Grotadmorv', 105, 105, 75, 65, 100, 50, 'poison', NULL),
(90, 'Kokiyas', 30, 65, 100, 45, 25, 40, 'water', NULL),
(91, 'Crustabri', 50, 95, 180, 85, 45, 70, 'water', 'ice'),
(92, 'Fantominus', 30, 35, 30, 100, 35, 80, 'ghost', 'poison'),
(93, 'Spectrum', 45, 50, 45, 115, 55, 95, 'ghost', 'poison'),
(94, 'Ectoplasma', 60, 65, 60, 130, 75, 110, 'ghost', 'poison'),
(95, 'Onix', 35, 45, 160, 30, 45, 70, 'rock', 'ground'),
(96, 'Soporifik', 60, 48, 45, 43, 90, 42, 'psychic', NULL),
(97, 'Hypnomade', 85, 73, 70, 73, 115, 67, 'psychic', NULL),
(98, 'Krabby', 30, 105, 90, 25, 25, 50, 'water', NULL),
(99, 'Krabboss', 55, 130, 115, 50, 50, 75, 'water', NULL),
(100, 'Voltorbe', 40, 30, 50, 55, 55, 100, 'electric', NULL),
(101, 'Électrode', 60, 50, 70, 80, 80, 150, 'electric', NULL),
(102, 'Noeunoeuf', 60, 40, 80, 60, 45, 40, 'grass', 'psychic'),
(103, 'Noadkoko', 95, 95, 85, 125, 75, 65, 'grass', 'psychic'),
(104, 'Osselait', 50, 50, 95, 40, 50, 35, 'ground', NULL),
(105, 'Ossatueur', 60, 80, 110, 50, 80, 45, 'ground', NULL),
(106, 'Kicklee', 50, 120, 53, 35, 110, 87, 'fighting', NULL),
(107, 'Tygnon', 50, 105, 79, 35, 110, 76, 'fighting', NULL),
(108, 'Excelangue', 90, 55, 75, 60, 75, 30, 'normal', NULL),
(109, 'Smogo', 40, 65, 95, 60, 45, 35, 'poison', NULL),
(110, 'Smogogo', 65, 90, 120, 85, 70, 60, 'poison', NULL),
(111, 'Rhinocorne', 80, 85, 95, 30, 30, 25, 'ground', 'rock'),
(112, 'Rhinoféros', 105, 130, 120, 45, 45, 40, 'ground', 'rock'),
(113, 'Leveinard', 250, 5, 5, 35, 105, 50, 'normal', NULL),
(114, 'Saquedeneu', 65, 55, 115, 100, 40, 60, 'grass', NULL),
(115, 'Kangourex', 105, 95, 80, 40, 80, 90, 'normal', NULL),
(116, 'Hypotrempe', 30, 40, 70, 70, 25, 60, 'water', NULL),
(117, 'Hypocéan', 55, 55, 65, 95, 45, 85, 'water', NULL),
(118, 'Poissirène', 45, 67, 60, 35, 50, 63, 'water', NULL),
(119, 'Poissoroy', 80, 92, 65, 65, 80, 68, 'water', NULL),
(120, 'Stari', 30, 45, 55, 70, 55, 85, 'water', NULL),
(121, 'Staross', 60, 75, 85, 100, 85, 115, 'water', 'psychic'),
(122, 'M. Mime', 40, 45, 65, 100, 120, 90, 'psychic', NULL),
(123, 'Insécateur', 70, 110, 80, 55, 80, 105, 'bug', 'flying'),
(124, 'Lippoutou', 65, 50, 35, 115, 95, 95, 'ice', 'psychic'),
(125, 'Élektek', 65, 83, 57, 95, 85, 105, 'electric', NULL),
(126, 'Magmar', 65, 95, 57, 100, 85, 93, 'fire', NULL),
(127, 'Scarabrute', 65, 125, 100, 55, 70, 85, 'bug', NULL),
(128, 'Tauros', 75, 100, 95, 40, 70, 110, 'normal', NULL),
(129, 'Magicarpe', 20, 10, 55, 15, 20, 80, 'water', NULL),
(130, 'Léviator', 95, 125, 79, 60, 100, 81, 'water', 'flying'),
(131, 'Lokhlass', 130, 85, 80, 85, 95, 60, 'water', 'ice'),
(132, 'Métamorph', 48, 48, 48, 48, 48, 48, 'normal', NULL),
(133, 'Évoli', 55, 55, 50, 45, 65, 55, 'normal', NULL),
(134, 'Aquali', 130, 65, 60, 110, 95, 65, 'water', NULL),
(135, 'Voltali', 65, 65, 60, 110, 95, 130, 'electric', NULL),
(136, 'Pyroli', 65, 130, 60, 95, 110, 65, 'fire', NULL),
(137, 'Porygon', 65, 60, 70, 85, 75, 40, 'normal', NULL),
(138, 'Amonita', 35, 40, 100, 90, 55, 35, 'rock', 'water'),
(139, 'Amonistar', 70, 60, 125, 115, 70, 55, 'rock', 'water'),
(140, 'Kabuto', 30, 80, 90, 55, 45, 55, 'rock', 'water'),
(141, 'Kabutops', 60, 115, 105, 65, 70, 80, 'rock', 'water'),
(142, 'Ptéra', 80, 105, 65, 60, 75, 130, 'rock', 'flying'),
(143, 'Ronflex', 160, 110, 65, 65, 110, 30, 'normal', NULL),
(144, 'Artikodin', 90, 85, 100, 95, 125, 85, 'ice', 'flying'),
(145, 'Électhor', 90, 90, 85, 125, 90, 100, 'electric', 'flying'),
(146, 'Sulfura', 90, 100, 90, 125, 85, 90, 'fire', 'flying'),
(147, 'Minidraco', 41, 64, 45, 50, 50, 50, 'dragon', NULL),
(148, 'Draco', 61, 84, 65, 70, 70, 70, 'dragon', NULL),
(149, 'Dracolosse', 91, 134, 95, 100, 100, 80, 'dragon', 'flying'),
(150, 'Mewtwo', 106, 110, 90, 154, 90, 130, 'psychic', NULL),
(151, 'Mew', 100, 100, 100, 100, 100, 100, 'psychic', NULL);

-- --------------------------------------------------------

--
-- Structure de la table `possiblemoves`
--

DROP TABLE IF EXISTS `possiblemoves`;
CREATE TABLE IF NOT EXISTS `possiblemoves` (
  `idPokemon` int(11) NOT NULL,
  `idMove` int(11) NOT NULL
) ENGINE=MyISAM DEFAULT CHARSET=latin1;

--
-- Déchargement des données de la table `possiblemoves`
--

INSERT INTO `possiblemoves` (`idPokemon`, `idMove`) VALUES
(1, 84),
(1, 65),
(1, 120),
(1, 122),
(1, 129),
(1, 124),
(1, 47),
(1, 118),
(1, 126),
(2, 84),
(2, 65),
(2, 120),
(2, 122),
(2, 129),
(2, 124),
(2, 47),
(2, 118),
(2, 126),
(3, 84),
(3, 65),
(3, 120),
(3, 122),
(3, 129),
(3, 124),
(3, 47),
(3, 118),
(3, 126),
(4, 87),
(4, 65),
(4, 25),
(4, 55),
(4, 82),
(4, 99),
(4, 27),
(4, 24),
(5, 87),
(5, 65),
(5, 25),
(5, 55),
(5, 82),
(5, 99),
(5, 27),
(5, 24),
(6, 87),
(6, 65),
(6, 25),
(6, 55),
(6, 82),
(6, 99),
(6, 27),
(6, 24),
(7, 84),
(7, 61),
(7, 11),
(7, 13),
(7, 95),
(7, 10),
(7, 111),
(7, 18),
(8, 84),
(8, 61),
(8, 11),
(8, 13),
(8, 95),
(8, 10),
(8, 111),
(8, 18),
(9, 84),
(9, 61),
(9, 11),
(9, 13),
(9, 95),
(9, 10),
(9, 111),
(9, 18),
(10, 84),
(10, 35),
(11, 84),
(11, 35),
(11, 41),
(12, 84),
(12, 35),
(12, 41),
(12, 146),
(12, 129),
(12, 117),
(12, 118),
(12, 68),
(12, 48),
(12, 85),
(12, 147),
(13, 131),
(13, 35),
(14, 131),
(14, 35),
(14, 41),
(15, 131),
(15, 35),
(15, 41),
(15, 76),
(15, 63),
(15, 38),
(15, 82),
(15, 36),
(15, 137),
(16, 85),
(16, 58),
(16, 89),
(16, 48),
(16, 161),
(16, 137),
(16, 160),
(17, 85),
(17, 58),
(17, 89),
(17, 48),
(17, 161),
(17, 137),
(17, 160),
(18, 85),
(18, 58),
(18, 89),
(18, 48),
(18, 161),
(18, 137),
(18, 160),
(19, 84),
(19, 61),
(19, 89),
(19, 102),
(19, 63),
(19, 69),
(20, 84),
(20, 61),
(20, 89),
(20, 102),
(20, 63),
(20, 69),
(21, 162),
(21, 65),
(21, 55),
(21, 76),
(21, 160),
(21, 164),
(21, 137),
(22, 162),
(22, 65),
(22, 55),
(22, 76),
(22, 160),
(22, 164),
(22, 137),
(23, 77),
(23, 55),
(23, 131),
(23, 95),
(23, 57),
(23, 53),
(23, 133),
(24, 77),
(24, 55),
(24, 131),
(24, 95),
(24, 57),
(24, 53),
(24, 133),
(25, 20),
(25, 65),
(25, 61),
(25, 19),
(25, 89),
(25, 64),
(25, 104),
(25, 22),
(25, 94),
(25, 137),
(25, 23),
(25, 139),
(26, 20),
(26, 65),
(26, 61),
(26, 19),
(26, 89),
(26, 64),
(26, 104),
(26, 22),
(26, 94),
(26, 137),
(26, 23),
(26, 139),
(27, 87),
(27, 58),
(27, 99),
(27, 131),
(27, 94),
(27, 80),
(27, 155),
(28, 87),
(28, 58),
(28, 99),
(28, 131),
(28, 94),
(28, 80),
(28, 155),
(29, 65),
(29, 84),
(29, 87),
(29, 131),
(29, 61),
(29, 95),
(29, 80),
(29, 3),
(30, 65),
(30, 84),
(30, 87),
(30, 131),
(30, 61),
(30, 95),
(30, 80),
(30, 3),
(31, 65),
(31, 84),
(31, 87),
(31, 131),
(31, 61),
(31, 95),
(31, 80),
(31, 3),
(31, 107),
(32, 55),
(32, 84),
(32, 97),
(32, 3),
(32, 131),
(32, 63),
(32, 76),
(32, 72),
(33, 55),
(33, 84),
(33, 97),
(33, 3),
(33, 131),
(33, 63),
(33, 76),
(33, 72),
(34, 55),
(34, 84),
(34, 97),
(34, 3),
(34, 131),
(34, 63),
(34, 76),
(34, 72),
(34, 109),
(35, 86),
(35, 65),
(35, 42),
(35, 79),
(35, 59),
(35, 60),
(35, 43),
(35, 139),
(36, 86),
(36, 65),
(36, 42),
(36, 79),
(36, 59),
(36, 60),
(36, 43),
(36, 139),
(37, 25),
(37, 61),
(37, 89),
(37, 56),
(37, 157),
(37, 27),
(37, 24),
(38, 25),
(38, 61),
(38, 89),
(38, 56),
(38, 157),
(38, 27),
(38, 24),
(39, 42),
(39, 86),
(39, 51),
(39, 43),
(39, 79),
(39, 141),
(39, 107),
(39, 112),
(40, 42),
(40, 86),
(40, 51),
(40, 43),
(40, 79),
(40, 141),
(40, 107),
(40, 112),
(41, 37),
(41, 68),
(41, 95),
(41, 157),
(41, 161),
(41, 30),
(42, 37),
(42, 68),
(42, 95),
(42, 157),
(42, 161),
(42, 30),
(43, 121),
(43, 129),
(43, 117),
(43, 118),
(43, 133),
(43, 125),
(43, 126),
(44, 121),
(44, 129),
(44, 117),
(44, 118),
(44, 133),
(44, 125),
(44, 126),
(45, 121),
(45, 129),
(45, 117),
(45, 118),
(45, 133),
(45, 125),
(45, 126),
(46, 87),
(46, 117),
(46, 37),
(46, 119),
(46, 99),
(46, 47),
(47, 87),
(47, 117),
(47, 37),
(47, 119),
(47, 99),
(47, 47),
(48, 84),
(48, 51),
(48, 68),
(48, 146),
(48, 129),
(48, 37),
(48, 117),
(48, 147),
(48, 118),
(48, 148),
(49, 84),
(49, 51),
(49, 68),
(49, 146),
(49, 129),
(49, 37),
(49, 117),
(49, 147),
(49, 118),
(49, 148),
(50, 87),
(50, 65),
(50, 156),
(50, 58),
(50, 99),
(50, 155),
(51, 87),
(51, 65),
(51, 156),
(51, 58),
(51, 99),
(51, 155),
(52, 87),
(52, 65),
(52, 95),
(52, 88),
(52, 53),
(52, 80),
(52, 99),
(53, 65),
(53, 95),
(53, 88),
(53, 53),
(53, 80),
(53, 99),
(54, 87),
(54, 61),
(54, 51),
(54, 146),
(54, 80),
(54, 18),
(55, 87),
(55, 61),
(55, 51),
(55, 146),
(55, 80),
(55, 18),
(56, 87),
(56, 55),
(56, 4),
(56, 91),
(56, 80),
(56, 63),
(56, 2),
(56, 109),
(56, 53),
(57, 87),
(57, 55),
(57, 4),
(57, 91),
(57, 80),
(57, 63),
(57, 2),
(57, 109),
(57, 53),
(58, 95),
(58, 56),
(58, 25),
(58, 55),
(58, 108),
(58, 137),
(58, 27),
(59, 95),
(59, 56),
(59, 25),
(59, 55),
(59, 108),
(59, 137),
(59, 27),
(60, 11),
(60, 138),
(60, 13),
(60, 79),
(60, 107),
(60, 135),
(60, 18),
(61, 11),
(61, 138),
(61, 13),
(61, 79),
(61, 107),
(61, 135),
(61, 18),
(62, 11),
(62, 138),
(62, 13),
(62, 79),
(62, 107),
(62, 135),
(62, 18),
(63, 143),
(63, 146),
(63, 142),
(63, 51),
(63, 147),
(63, 66),
(63, 148),
(63, 140),
(64, 143),
(64, 146),
(64, 142),
(64, 51),
(64, 147),
(64, 66),
(64, 148),
(64, 140),
(65, 143),
(65, 146),
(65, 142),
(65, 51),
(65, 147),
(65, 66),
(65, 148),
(65, 140),
(66, 91),
(66, 4),
(66, 55),
(66, 63),
(66, 2),
(66, 7),
(67, 91),
(67, 4),
(67, 55),
(67, 63),
(67, 2),
(67, 7),
(68, 91),
(68, 4),
(68, 55),
(68, 63),
(68, 2),
(68, 7),
(69, 122),
(69, 47),
(69, 77),
(69, 129),
(69, 118),
(69, 117),
(69, 133),
(69, 124),
(69, 104),
(70, 122),
(70, 47),
(70, 77),
(70, 129),
(70, 118),
(70, 117),
(70, 133),
(70, 124),
(70, 104),
(71, 122),
(71, 47),
(71, 77),
(71, 129),
(71, 118),
(71, 117),
(71, 133),
(71, 124),
(71, 104),
(72, 133),
(72, 68),
(72, 77),
(72, 131),
(72, 13),
(72, 74),
(72, 136),
(72, 53),
(72, 18),
(73, 133),
(73, 68),
(73, 77),
(73, 131),
(73, 13),
(73, 74),
(73, 136),
(73, 53),
(73, 18),
(74, 84),
(74, 43),
(74, 150),
(74, 114),
(74, 41),
(74, 155),
(74, 116),
(75, 84),
(75, 43),
(75, 150),
(75, 114),
(75, 41),
(75, 155),
(75, 116),
(76, 84),
(76, 43),
(76, 150),
(76, 114),
(76, 41),
(76, 155),
(76, 116),
(77, 84),
(77, 25),
(77, 61),
(77, 96),
(77, 65),
(77, 24),
(77, 108),
(77, 137),
(78, 84),
(78, 25),
(78, 61),
(78, 96),
(78, 65),
(78, 24),
(78, 108),
(78, 137),
(79, 146),
(79, 51),
(79, 98),
(79, 65),
(79, 13),
(79, 135),
(79, 148),
(80, 146),
(80, 51),
(80, 98),
(80, 65),
(80, 13),
(80, 135),
(80, 148),
(81, 84),
(81, 71),
(81, 20),
(81, 68),
(81, 19),
(81, 94),
(81, 53),
(82, 84),
(82, 71),
(82, 20),
(82, 68),
(82, 19),
(82, 94),
(82, 53),
(83, 162),
(83, 58),
(83, 55),
(83, 76),
(83, 49),
(83, 137),
(83, 99),
(84, 162),
(84, 65),
(84, 76),
(84, 164),
(84, 82),
(84, 105),
(84, 137),
(85, 162),
(85, 65),
(85, 76),
(85, 164),
(85, 82),
(85, 105),
(85, 137),
(86, 98),
(86, 65),
(86, 31),
(86, 141),
(86, 108),
(86, 33),
(87, 98),
(87, 65),
(87, 31),
(87, 141),
(87, 108),
(87, 33),
(88, 51),
(88, 86),
(88, 128),
(88, 59),
(88, 134),
(88, 41),
(88, 53),
(88, 127),
(89, 51),
(89, 86),
(89, 128),
(89, 59),
(89, 134),
(89, 41),
(89, 53),
(89, 127),
(90, 84),
(90, 10),
(90, 68),
(90, 12),
(90, 31),
(90, 55),
(90, 33),
(91, 84),
(91, 10),
(91, 68),
(91, 12),
(91, 31),
(91, 55),
(91, 33),
(92, 159),
(92, 158),
(92, 157),
(92, 138),
(92, 149),
(93, 159),
(93, 158),
(93, 157),
(93, 138),
(93, 149),
(94, 159),
(94, 158),
(94, 157),
(94, 138),
(94, 149),
(95, 84),
(95, 53),
(95, 75),
(95, 150),
(95, 82),
(95, 104),
(95, 41),
(95, 155),
(96, 86),
(96, 138),
(96, 51),
(96, 146),
(96, 98),
(96, 128),
(96, 148),
(96, 144),
(97, 86),
(97, 138),
(97, 51),
(97, 146),
(97, 98),
(97, 128),
(97, 148),
(97, 144),
(98, 11),
(98, 55),
(98, 93),
(98, 73),
(98, 96),
(98, 16),
(98, 41),
(99, 11),
(99, 55),
(99, 93),
(99, 73),
(99, 96),
(99, 16),
(99, 41),
(100, 84),
(100, 53),
(100, 71),
(100, 114),
(100, 139),
(100, 94),
(100, 116),
(100, 22),
(101, 84),
(101, 53),
(101, 71),
(101, 114),
(101, 139),
(101, 94),
(101, 116),
(101, 22),
(102, 78),
(102, 138),
(102, 140),
(102, 120),
(102, 117),
(102, 129),
(102, 126),
(102, 118),
(103, 78),
(103, 138),
(103, 140),
(103, 120),
(103, 117),
(103, 129),
(103, 126),
(103, 118),
(104, 154),
(104, 61),
(104, 65),
(104, 98),
(104, 55),
(104, 63),
(104, 109),
(104, 153),
(104, 82),
(105, 154),
(105, 61),
(105, 65),
(105, 98),
(105, 55),
(105, 63),
(105, 109),
(105, 153),
(105, 82),
(106, 3),
(106, 144),
(106, 5),
(106, 6),
(106, 63),
(106, 8),
(106, 113),
(107, 81),
(107, 137),
(107, 26),
(107, 32),
(107, 21),
(107, 106),
(107, 1),
(108, 68),
(108, 77),
(108, 96),
(108, 51),
(108, 43),
(108, 104),
(108, 53),
(109, 84),
(109, 132),
(109, 134),
(109, 44),
(109, 114),
(109, 30),
(109, 116),
(110, 84),
(110, 132),
(110, 134),
(110, 44),
(110, 114),
(110, 30),
(110, 116),
(111, 97),
(111, 96),
(111, 61),
(111, 76),
(111, 72),
(111, 55),
(111, 108),
(111, 155),
(112, 97),
(112, 96),
(112, 61),
(112, 76),
(112, 72),
(112, 55),
(112, 108),
(112, 155),
(113, 86),
(113, 79),
(113, 61),
(113, 42),
(113, 65),
(113, 59),
(113, 43),
(113, 139),
(113, 112),
(114, 74),
(114, 75),
(114, 121),
(114, 122),
(114, 129),
(114, 117),
(114, 118),
(114, 104),
(114, 47),
(115, 81),
(115, 82),
(115, 95),
(115, 61),
(115, 106),
(115, 55),
(115, 100),
(116, 11),
(116, 44),
(116, 55),
(116, 13),
(116, 137),
(116, 18),
(117, 11),
(117, 44),
(117, 55),
(117, 13),
(117, 137),
(117, 18),
(118, 162),
(118, 61),
(118, 68),
(118, 97),
(118, 76),
(118, 15),
(118, 72),
(118, 137),
(119, 162),
(119, 61),
(119, 68),
(119, 97),
(119, 76),
(119, 15),
(119, 72),
(119, 137),
(120, 84),
(120, 13),
(120, 41),
(120, 66),
(120, 94),
(120, 59),
(120, 139),
(120, 18),
(121, 84),
(121, 13),
(121, 41),
(121, 66),
(121, 94),
(121, 59),
(121, 139),
(121, 18),
(122, 136),
(122, 146),
(122, 139),
(122, 79),
(122, 144),
(122, 45),
(123, 89),
(123, 55),
(123, 63),
(123, 64),
(123, 99),
(123, 49),
(123, 137),
(123, 161),
(124, 86),
(124, 159),
(124, 54),
(124, 42),
(124, 79),
(124, 32),
(124, 107),
(124, 109),
(124, 34),
(125, 89),
(125, 55),
(125, 20),
(125, 53),
(125, 21),
(125, 139),
(125, 23),
(126, 25),
(126, 55),
(126, 157),
(126, 26),
(126, 44),
(126, 132),
(126, 27),
(127, 93),
(127, 75),
(127, 2),
(127, 73),
(127, 63),
(127, 99),
(127, 49),
(128, 84),
(128, 96),
(128, 61),
(128, 55),
(128, 82),
(128, 108),
(129, 67),
(129, 84),
(130, 84),
(130, 95),
(130, 9),
(130, 55),
(130, 18),
(130, 115),
(131, 13),
(131, 65),
(131, 42),
(131, 29),
(131, 107),
(131, 157),
(131, 33),
(131, 18),
(132, 62),
(133, 84),
(133, 61),
(133, 58),
(133, 65),
(133, 89),
(133, 95),
(133, 63),
(133, 108),
(134, 84),
(134, 58),
(134, 89),
(134, 13),
(134, 61),
(134, 95),
(134, 31),
(134, 127),
(134, 30),
(134, 29),
(134, 18),
(135, 84),
(135, 89),
(135, 20),
(135, 61),
(135, 58),
(135, 20),
(135, 3),
(135, 36),
(135, 19),
(135, 137),
(135, 23),
(136, 84),
(136, 61),
(136, 89),
(136, 25),
(136, 58),
(136, 25),
(136, 89),
(136, 95),
(136, 24),
(136, 132),
(136, 55),
(136, 82),
(136, 27),
(137, 84),
(137, 39),
(137, 40),
(137, 147),
(137, 66),
(137, 137),
(137, 105),
(138, 13),
(138, 10),
(138, 97),
(138, 55),
(138, 83),
(138, 18),
(139, 13),
(139, 10),
(139, 97),
(139, 55),
(139, 83),
(139, 18),
(140, 87),
(140, 41),
(140, 121),
(140, 99),
(140, 55),
(140, 18),
(141, 87),
(141, 41),
(141, 121),
(141, 99),
(141, 55),
(141, 18),
(142, 161),
(142, 137),
(142, 68),
(142, 95),
(142, 108),
(142, 115),
(143, 135),
(143, 98),
(143, 141),
(143, 107),
(143, 41),
(143, 112),
(143, 115),
(144, 162),
(144, 33),
(144, 34),
(144, 137),
(144, 29),
(145, 20),
(145, 164),
(145, 23),
(145, 137),
(145, 139),
(146, 162),
(146, 24),
(146, 55),
(146, 137),
(146, 165),
(147, 77),
(147, 55),
(147, 19),
(147, 137),
(147, 104),
(147, 9),
(147, 115),
(148, 77),
(148, 55),
(148, 19),
(148, 137),
(148, 104),
(148, 9),
(148, 115),
(148, 77),
(149, 55),
(149, 19),
(149, 137),
(149, 104),
(149, 9),
(149, 115),
(150, 146),
(150, 51),
(150, 94),
(150, 136),
(150, 148),
(150, 66),
(150, 29),
(150, 135),
(151, 86),
(151, 62),
(151, 106),
(151, 60),
(151, 148);

-- --------------------------------------------------------

--
-- Structure de la table `users`
--

DROP TABLE IF EXISTS `users`;
CREATE TABLE IF NOT EXISTS `users` (
  `id` int(11) NOT NULL AUTO_INCREMENT,
  `pseudo` varchar(50) NOT NULL,
  `email` varchar(250) NOT NULL,
  `password` varchar(50) NOT NULL,
  PRIMARY KEY (`id`)
) ENGINE=MyISAM AUTO_INCREMENT=5 DEFAULT CHARSET=latin1;

--
-- Déchargement des données de la table `users`
--

INSERT INTO `users` (`id`, `pseudo`, `email`, `password`) VALUES
(1, 'a', 'a', 'a'),

(3, 'b', 'b', 'b'),
(4, 'c', 'c', 'c');
COMMIT;

/*!40101 SET CHARACTER_SET_CLIENT=@OLD_CHARACTER_SET_CLIENT */;
/*!40101 SET CHARACTER_SET_RESULTS=@OLD_CHARACTER_SET_RESULTS */;
/*!40101 SET COLLATION_CONNECTION=@OLD_COLLATION_CONNECTION */;
